Unique_ID,Mothur_ID,Site,week,StoretID,date,month,year,cyano_chla,green_chla,brown_chla,PE_chla,tot_chla,Fit_error,led440,led480,led540,led590,led625,est440,est480,est540,est590,est625,check440,check480,check540,check590,check625,diff440,diff480,diff540,diff590,diff625
2018_1_21350001,1_21350001,Beed’s Lake,1,21350001,05/22/18,May,2018,2,3.333333333,15.33333333,3.333333333,24,0,1298.333333,813.3333333,591.6666667,775.6666667,372.6666667,Underestimate,Overestimate,Overestimate,Underestimate,Overestimate,1296.442432,815.8389698,592.5921406,775.034864,373.5975731,-1.890900934,2.505636456,0.925473888,-0.631802709,0.930906401
2018_1_21810002,1_21810002,Black Hawk,1,21810002,05/22/18,May,2018,0,0,0,0,0,32000,-693.6666667,-904.6666667,-1566.333333,-1466.333333,-2726,Overestimate,Overestimate,Overestimate,Overestimate,Overestimate,1245.953864,546.9384184,597.9173083,2303.822662,1485.076568,1939.620531,1451.605085,2164.250642,3770.155996,4211.076568
2018_1_21940001,1_21940001,Brushy Creek,1,21940001,05/22/18,May,2018,2,0,10,2.666666667,14.66666667,0.333333333,1242,723.3333333,618.3333333,933.6666667,972,Underestimate,Overestimate,Underestimate,Overestimate,Underestimate,1236.274837,732.5283358,592.41913,1115.677646,706.9605021,-5.725162738,9.195002447,-25.91420332,182.0109797,-265.0394979
2018_1_21170001,1_21170001,Clear Lake,1,21170001,05/22/18,May,2018,3.333333333,3.333333333,11,0,17.66666667,0,1365,835,566,846.6666667,506.6666667,Underestimate,Overestimate,Overestimate,Underestimate,Overestimate,1360.645241,840.7691924,568.1346188,845.2101329,508.811736,-4.354759373,5.769192448,2.134618774,-1.456533772,2.145069301
2018_1_21810001,1_21810001,Denison,1,21810001,05/22/18,May,2018,2,0.666666667,14.33333333,2,19,0,1254,778.3333333,577.3333333,666.6666667,343,Overestimate,Underestimate,Underestimate,Overestimate,Underestimate,1255.929554,775.7772527,576.3828885,667.3146009,342.0460471,1.929553658,-2.556080634,-0.950444799,0.647934263,-0.953952869
2018_1_21420001,1_21420001,Lower Pine Lake,1,21420001,05/22/18,May,2018,2,2.666666667,7.333333333,3.666666667,15.66666667,3,1169,636.6666667,519,883,348.3333333,Underestimate,Overestimate,Overestimate,Underestimate,Overestimate,1110.912813,713.6293776,547.5102243,863.5430875,376.9791201,-58.08718739,76.96271091,28.5102243,-19.45691252,28.64578681
2018_1_21170002,1_21170002,McIntosh Woods,1,21170002,05/22/18,May,2018,4.666666667,0,18.66666667,4,27.33333333,0,1259.666667,769,645.6666667,887.3333333,466.3333333,Overestimate,Overestimate,Underestimate,Overestimate,Underestimate,1262.818823,776.9063673,624.7280893,894.3634406,459.0803834,3.152156167,7.90636732,-20.93857738,7.030107244,-7.25294991
2018_1_21130002,1_21130002,North Twin Lake East,1,21130002,05/22/18,May,2018,46.33333333,0,0,78.66666667,125,35.66666667,479.6666667,307,884,1542.333333,757.3333333,Overestimate,Overestimate,Underestimate,Overestimate,Underestimate,566.6904387,393.2965888,560.000233,1643.93807,651.6861675,87.02377199,86.29658882,-323.999767,101.6047367,-105.6471659
2018_1_21130001,1,North Twin Lake West,1,21130001,05/22/18,May,2018,28,0,0,66.33333333,94.33333333,32.33333333,580.3333333,357.3333333,862.3333333,1454.333333,740,Overestimate,Overestimate,Underestimate,Overestimate,Underestimate,645.0970481,436.1745687,566.3134033,1557.419802,630.4280007,64.76371479,78.8412354,-296.01993,103.0864685,-109.5719993
2018_1_21500001,1_21500001,Rock Creek,1,21500001,05/22/18,May,2018,1,12,6,0,19,5,1504.333333,838.3333333,390,706.6666667,432.6666667,Underestimate,Overestimate,Overestimate,Overestimate,Underestimate,1415.944375,935.5648676,429.3301012,716.7722116,417.1783533,-76.72229192,97.23153429,39.33010122,10.1055449,-15.48831338
2018_2_21350001,2_21350001,Beed’s Lake,2,21350001,05/30/18,May,2018,3,0,36.33333333,2,41.33333333,0,1110.666667,712.3333333,519.3333333,514,291.6666667,Overestimate,Underestimate,Underestimate,Overestimate,Underestimate,1128.325823,690.384622,508.0450821,521.2231375,281.5059599,17.6591564,-21.9487113,-11.28825123,7.223137528,-10.16070679
2018_2_21810002,2_21810002,Black Hawk,2,21810002,05/30/18,May,2018,0.333333333,1.333333333,2.666666667,0,4.333333333,7.666666667,1408,712,456.6666667,669.6666667,356.6666667,Underestimate,Overestimate,Overestimate,Underestimate,Overestimate,1317.62241,830.3150382,501.5665099,650.9760922,383.9871519,-90.37759024,118.3150382,44.89984319,-18.69057447,27.32048526
2018_2_21940001,2_21940001,Brushy Creek,2,21940001,05/30/18,May,2018,6,1.333333333,4,1.666666667,13,2,835.3333333,426.6666667,412.3333333,1247,693,Underestimate,Overestimate,Overestimate,Underestimate,Overestimate,792.4979756,483.421318,433.3574649,1232.652173,714.1232771,-42.83535775,56.75465132,21.02413158,-14.34782721,21.12327708
2018_2_21170001,2_21170001,Clear Lake,2,21170001,05/30/18,May,2018,4.333333333,2,5.666666667,0,12,0,1138.333333,672.3333333,495.3333333,1111.333333,698.3333333,Underestimate,Overestimate,Overestimate,Underestimate,Overestimate,1128.66303,685.1356744,500.0124294,1108.210289,702.9794928,-9.670303482,12.80234111,4.679096102,-3.123044226,4.646159508
2018_2_21810001,2_21810001,Denison,2,21810001,05/30/18,May,2018,8.666666667,0,19.66666667,4.333333333,32.66666667,3,1301.666667,861.6666667,771,1138,669,Overestimate,Underestimate,Underestimate,Overestimate,Underestimate,1352.931913,827.3006144,691.9813678,1171.762755,627.8930644,51.26524587,-34.3660523,-79.01863216,33.76275498,-41.1069356
2018_2_21420001,2_21420001,Lower Pine Lake,2,21420001,05/30/18,May,2018,0.333333333,2,3,0,5.333333333,6.666666667,1127.333333,561,361.6666667,549,277.6666667,Underestimate,Overestimate,Overestimate,Underestimate,Overestimate,1050.621116,662.2680555,399.4597116,526.315275,311.0140176,-76.71221706,101.2680555,37.79304489,-22.68472504,33.34735092
2018_2_21170002,2_21170002,McIntosh Woods,2,21170002,05/30/18,May,2018,3.333333333,2.333333333,7,1.666666667,14.33333333,2.333333333,981.6666667,522.3333333,395.6666667,730.3333333,379.6666667,Underestimate,Overestimate,Overestimate,Underestimate,Overestimate,936.080295,582.7325306,418.0406367,715.0644258,402.1467345,-45.58637163,60.39919722,22.37396999,-15.26890753,22.48006786
2018_2_21130002,2_21130002,North Twin Lake East,2,21130002,05/30/18,May,2018,42.66666667,0,28,41,111.6666667,13,974.3333333,658.3333333,958,1810.666667,979,Overestimate,Overestimate,Underestimate,Overestimate,Underestimate,1051.947371,668.4060572,738.7086073,1892.480037,887.4866346,77.61403811,10.07272383,-219.2913927,81.81337063,-91.51336536
2018_2_21130001,2,North Twin Lake West,2,21130001,05/30/18,May,2018,45,0,25.33333333,45,115.3333333,11,628.6666667,422,664.6666667,1251,679.6666667,Overestimate,Overestimate,Underestimate,Overestimate,Underestimate,683.8744214,436.526675,496.8689468,1312.833688,611.1012992,55.20775471,14.52667503,-167.7977198,61.83368767,-68.56536743
2018_2_21500001,2_21500001,Rock Creek,2,21500001,05/30/18,May,2018,8.333333333,11,15.33333333,0,34.66666667,0,1069.666667,637,400.3333333,788.6666667,494.3333333,Underestimate,Overestimate,Overestimate,Overestimate,Underestimate,1051.600595,659.8158419,409.6233131,791.6933952,489.7224628,-18.06607127,22.81584191,9.28997975,3.026728549,-4.610870545
2018_3_21350001,3_21350001,Beed’s Lake,3,21350001,06/05/18,June,2018,0.333333333,27,23,2.666666667,53,0.333333333,1228,838,441.3333333,568.3333333,316.6666667,Overestimate,Underestimate,Underestimate,Overestimate,Underestimate,1247.30906,812.4162595,431.8549668,574.8018205,307.1430966,19.30905965,-25.58374054,-9.478366509,6.468487177,-9.523570055
2018_3_21810002,3_21810002,Black Hawk,3,21810002,06/05/18,June,2018,0.666666667,1,2.666666667,0,4.333333333,5.666666667,1213,622.6666667,514.3333333,630,316.3333333,Underestimate,Overestimate,Overestimate,Underestimate,Overestimate,1156.477816,705.6176113,529.1353807,615.0534085,340.4055179,-56.52218406,82.9509446,14.80204738,-14.94659154,24.07218458
2018_3_21940001,3_21940001,Brushy Creek,3,21940001,06/05/18,June,2018,17,0,55,11,83,2.666666667,1197.333333,791.6666667,687.3333333,902,529,Overestimate,Underestimate,Underestimate,Overestimate,Underestimate,1242.641537,761.6205163,616.973216,932.0009527,492.5160784,45.30820341,-30.04615035,-70.3601173,30.0009527,-36.48392162
2018_3_21170001,3_21170001,Clear Lake,3,21170001,06/05/18,June,2018,7.666666667,4,6.666666667,0,18.33333333,0,1017,576.3333333,431,1197.666667,775,Underestimate,Overestimate,Overestimate,Overestimate,Underestimate,995.0438421,604.1208036,442.268262,1200.870784,770.1017311,-21.95615786,27.78747027,11.26826197,3.204117735,-4.898268888
2018_3_21810001,3_21810001,Denison,3,21810001,06/05/18,June,2018,3,1.333333333,5.666666667,0.666666667,10.66666667,1,1070.333333,606.6666667,471.6666667,929,509.3333333,Underestimate,Overestimate,Overestimate,Underestimate,Overestimate,1041.983775,644.2284469,485.579833,919.5050514,523.3125341,-28.34955865,37.56178026,13.91316631,-9.49494859,13.9792008
2018_3_21420001,3_21420001,Lower Pine Lake,3,21420001,06/05/18,June,2018,2,1.333333333,6.333333333,1,10.66666667,2,1252.333333,693.3333333,518.3333333,795.3333333,405.6666667,Underestimate,Overestimate,Overestimate,Underestimate,Overestimate,1208.88248,750.9036125,539.6584171,780.7802052,427.0932351,-43.45085353,57.57027918,21.32508376,-14.55312811,21.42656841
2018_3_21170002,3_21170002,McIntosh Woods,3,21170002,06/05/18,June,2018,6.666666667,4,8,0,18.66666667,1.666666667,1198,657.3333333,477,1139,674.6666667,Underestimate,Overestimate,Overestimate,Underestimate,Overestimate,1155.710045,713.3649336,497.7560305,1124.835569,695.5204118,-42.2899547,56.03160029,20.7560305,-14.1644312,20.85374517
2018_3_21130002,3_21130002,North Twin Lake East,3,21130002,06/05/18,June,2018,71.33333333,0,24.66666667,67,163,8,529,348.6666667,590.3333333,1256,668.3333333,Overestimate,Overestimate,Underestimate,Overestimate,Underestimate,571.3317913,366.5069956,450.9160041,1306.725178,612.5995216,42.33179129,17.84032892,-139.4173293,50.72517798,-55.73381172
2018_3_21130001,3,North Twin Lake West,3,21130001,06/05/18,June,2018,75.66666667,0,22,76.66666667,174.3333333,13.66666667,626.6666667,425.3333333,765,1571.666667,837.3333333,Overestimate,Overestimate,Underestimate,Overestimate,Underestimate,690.4005503,447.0413853,563.3637486,1645.490742,755.8509716,63.73388362,21.70805192,-201.6362514,73.82407541,-81.48236178
2018_3_21500001,3_21500001,Rock Creek,3,21500001,06/05/18,June,2018,8.333333333,10.33333333,27,1.333333333,47,0,1054.666667,656.3333333,436.6666667,678.6666667,400,Underestimate,Overestimate,Overestimate,Underestimate,Overestimate,1054.429349,656.6481586,436.7814143,678.588464,400.1153014,-0.237317246,0.314825266,0.114747665,-0.078202657,0.115301382
2018_4_21350001,4_21350001,Beed’s Lake,4,21350001,06/12/18,June,2018,0,0,0,0,0,32000,-1721,-1360.666667,-2386,-4836,-2094.666667,Overestimate,Overestimate,Overestimate,Overestimate,Overestimate,2228.55499,1442.484052,1388.328799,4857.753388,2109.02746,3949.55499,2803.150718,3774.328799,9693.753388,4203.694127
2018_4_21810002,4_21810002,Black Hawk,4,21810002,06/12/18,June,2018,8.333333333,3,6,0.333333333,17.66666667,1.666666667,833.3333333,419.6666667,360.3333333,1131.666667,682.3333333,Underestimate,Overestimate,Overestimate,Underestimate,Overestimate,790.669701,476.1947271,381.273385,1117.376581,703.3724891,-42.66363231,56.52806047,20.9400517,-14.29008603,21.03915575
2018_4_21940001,4_21940001,Brushy Creek,4,21940001,06/12/18,June,2018,3,1,6,2,12,2,1268.666667,697,591,1159.333333,557.3333333,Underestimate,Overestimate,Overestimate,Underestimate,Overestimate,1218.372451,763.6377141,615.6844873,1142.48742,582.1351474,-50.29421524,66.63771413,24.68448731,-16.84591381,24.80181403
2018_4_21170001,4_21170001,Clear Lake,4,21170001,06/12/18,June,2018,14,0.333333333,8,0.333333333,22.66666667,0,787.3333333,441.3333333,444,1433.333333,923.6666667,Underestimate,Overestimate,Overestimate,Underestimate,Overestimate,784.5706585,444.9942802,445.3534304,1432.408976,925.0261237,-2.762674811,3.660946871,1.353430446,-0.924357047,1.359457031
2018_4_21810001,4_21810001,Denison,4,21810001,06/12/18,June,2018,0,1,2.333333333,0,3.333333333,4.333333333,1212.333333,638.3333333,403,528,272.3333333,Underestimate,Overestimate,Overestimate,Underestimate,Overestimate,1147.493693,723.6299097,435.0559999,511.241223,296.9218226,-64.83963987,85.29657641,32.05599988,-16.75877703,24.58848931
2018_4_21420001,4_21420001,Lower Pine Lake,4,21420001,06/12/18,June,2018,2.333333333,1.666666667,6.666666667,2.333333333,13,0.666666667,1414.666667,834.6666667,680,1229,591.3333333,Underestimate,Overestimate,Overestimate,Underestimate,Overestimate,1386.305634,872.243825,693.9182522,1219.501521,605.3184176,-28.36103291,37.57715838,13.91825219,-9.498479387,13.98508427
2018_4_21170002,4_21170002,McIntosh Woods,4,21170002,06/12/18,June,2018,17.66666667,2,9.666666667,4.333333333,33.66666667,0.666666667,691,372,381.6666667,1209.333333,686.6666667,Overestimate,Underestimate,Underestimate,Overestimate,Underestimate,597.7930318,363.0001079,378.3313178,1211.609168,683.315271,6.793031764,-8.999892106,-3.335348849,2.275834362,-3.351395668
2018_4_21130002,4_21130002,North Twin Lake East,4,21130002,06/12/18,June,2018,80.66666667,0,28,70.66666667,179.3333333,8.666666667,582.3333333,377.3333333,641.6666667,1380.333333,742.3333333,Overestimate,Overestimate,Underestimate,Overestimate,Underestimate,626.3458022,399.7191654,490.5555663,1434.969498,682.5774497,44.01246886,22.3858321,-151.1111003,54.63616487,-59.75588366
2018_4_21130001,4,North Twin Lake West,4,21130001,06/12/18,June,2018,71.66666667,0,32.33333333,64,168,7.333333333,588.6666667,377.6666667,604.6666667,1258.333333,676,Overestimate,Overestimate,Underestimate,Overestimate,Underestimate,627.6132069,399.0007856,468.5018941,1307.434578,622.4030389,38.94654026,21.33411893,-136.1647725,49.10124471,-53.59696107
2018_4_21500001,4_21500001,Rock Creek,4,21500001,06/12/18,June,2018,10,19,18.66666667,0,47.66666667,1,1278.666667,860.6666667,483.3333333,907.6666667,611,Overestimate,Underestimate,Underestimate,Overestimate,Underestimate,1294.854822,825.1756728,471.769908,933.264466,573.020568,25.18815542,-35.49099388,-11.56342531,25.59779934,-37.97943195
2018_5_21350001,5_21350001,Beed’s Lake,5,21350001,06/19/18,June,2018,2.666666667,7,12.33333333,8.333333333,30.33333333,0,1445.666667,903,688.3333333,1160.333333,472.6666667,Underestimate,Overestimate,Overestimate,Underestimate,Overestimate,1425.691587,929.4662795,698.1365926,1153.643077,482.5173134,-19.97507967,26.46627955,9.803259225,-6.690256389,9.850646723
2018_5_21810002,5_21810002,Black Hawk,5,21810002,06/19/18,June,2018,3.25,2.75,4.75,0,10.75,2.5,1087.25,575.25,392.75,781,518.5,Underestimate,Overestimate,Overestimate,Overestimate,Underestimate,1033.917742,641.7748854,420.4901833,796.6505639,494.8867853,-53.33225839,66.52488538,27.74018333,15.65056385,-23.61321475
2018_5_21940001,5_21940001,Brushy Creek,5,21940001,06/19/18,June,2018,1,1.666666667,8,2,12.66666667,0,1347.333333,825.6666667,606,785,366.3333333,Underestimate,Overestimate,Overestimate,Underestimate,Overestimate,1304.356017,946.3409872,1257.486174,3043.608325,918.1327154,-42.97731648,120.6743206,651.4861739,-454.7250081,551.7993821
2018_5_21170001,5_21170001,Clear Lake,5,21170001,06/19/18,June,2018,8.333333333,3.666666667,6.333333333,0,18.33333333,0,1006,561.6666667,426.6666667,1242,801,Underestimate,Overestimate,Overestimate,Overestimate,Underestimate,980.6336778,594.090734,439.5643507,1243.106469,799.2073045,-25.36632219,32.42406738,12.89768404,1.106469078,-1.792695476
2018_5_21810001,5_21810001,Denison,5,21810001,06/19/18,June,2018,11.83333333,7.166666667,17.5,3.5,40,0,1147.5,674.5,514.8333333,1093.333333,615.6666667,Underestimate,Overestimate,Overestimate,Underestimate,Overestimate,1128.485606,699.6929519,524.1643975,1086.965551,625.0420701,-19.01439425,25.19295195,9.331064175,-6.367782433,9.375403438
2018_5_21420001,5_21420001,Lower Pine Lake,5,21420001,06/19/18,June,2018,14,2,12,4,32,0,1014.666667,599.6666667,542.3333333,1396.333333,799.3333333,Underestimate,Overestimate,Overestimate,Underestimate,Overestimate,1006.472169,610.5249841,546.3536223,1393.58984,803.3727408,-8.194497781,10.85831746,4.020288992,-2.743493327,4.039407492
2018_5_21170002,5_21170002,McIntosh Woods,5,21170002,06/19/18,June,2018,30.66666667,0,7.333333333,5,43,0.333333333,412.3333333,193.3333333,285,1196.333333,717.3333333,Underestimate,Overestimate,Overestimate,Underestimate,Overestimate,393.5453321,220.2669233,290.9463316,1191.049317,725.6352739,-18.78800118,26.93358995,5.946331648,-5.284016573,8.30194059
2018_5_21130002,5_21130002,North Twin Lake East,5,21130002,06/19/18,June,2018,93.66666667,0,23,69.66666667,186.3333333,11.66666667,542.6666667,341.3333333,661.6666667,1468.333333,825.3333333,Overestimate,Overestimate,Underestimate,Overestimate,Underestimate,591.2903334,373.5341567,482.7355102,1532.386492,755.794382,48.62366671,32.2008234,-178.9311564,64.05315896,-69.53895134
2018_5_21130001,5,North Twin Lake West,5,21130001,06/19/18,June,2018,89.33333333,0,29.33333333,62,180.6666667,9,567.3333333,353,624.6666667,1390.333333,784.3333333,Overestimate,Overestimate,Underestimate,Overestimate,Underestimate,609.012047,381.3446405,470.1011198,1445.604888,724.3764557,41.67871365,28.34464051,-154.5655469,55.27155509,-59.95687761
2018_5_21500001,5_21500001,Rock Creek,5,21500001,06/19/18,June,2018,17.66666667,4.333333333,19,0,41,0.666666667,1051,655.3333333,501.6666667,1155.666667,788,Overestimate,Underestimate,Underestimate,Overestimate,Underestimate,1063.699448,636.2181239,496.297307,1178.478439,754.0989182,12.69944768,-19.1152094,-5.36935968,22.81177217,-33.90108182
2018_6_21350001,6_21350001,Beed’s Lake,6,21350001,06/26/18,June,2018,1,7,8,0,16,1,1293.666667,783,432.6666667,611.6666667,328,Underestimate,Overestimate,Overestimate,Underestimate,Overestimate,1267.711147,817.3893967,445.4059453,602.9731021,340.7991287,-25.95551927,34.38939665,12.73927859,-8.693564534,12.7991287
2018_6_21810002,6_21810002,Black Hawk,6,21810002,06/26/18,June,2018,7.666666667,5.333333333,11.66666667,0,24.66666667,1,1092.333333,616.3333333,432,908.3333333,555.3333333,Underestimate,Overestimate,Overestimate,Underestimate,Overestimate,1063.15322,654.6147076,446.4648424,901.6419879,565.1323166,-29.18011338,38.28137426,14.46484236,-6.691345406,9.798983274
2018_6_21940001,6_21940001,Brushy Creek,6,21940001,06/26/18,June,2018,0,2,7,2,11,0,1376.666667,901.6666667,615,719.3333333,297.3333333,Overestimate,Underestimate,Underestimate,Overestimate,Overestimate,1385.241029,884.8666275,613.8341312,719.3596157,309.2483592,8.574362185,-16.80003919,-1.165868814,0.026282409,11.9150259
2018_6_21170001,6_21170001,Clear Lake,6,21170001,06/26/18,June,2018,19.33333333,0,11.33333333,0,30.66666667,0,605.6666667,333.6666667,356.6666667,1102,724.6666667,Overestimate,Overestimate,Underestimate,Overestimate,Underestimate,605.9538149,342.1112717,342.363013,1106.459681,720.3622834,0.287148191,8.444605068,-14.30365363,4.45968143,-4.3043833
2018_6_21810001,6_21810001,Denison,6,21810001,06/26/18,June,2018,7.333333333,7.666666667,19.66666667,1.333333333,36,1,1196.333333,691.6666667,479.6666667,820.6666667,459.6666667,Underestimate,Overestimate,Overestimate,Underestimate,Overestimate,1168.682146,728.303064,493.2370774,811.4056877,473.3013573,-27.6511876,36.63639733,13.57041069,-9.260978918,13.63469062
2018_6_21420001,6_21420001,Lower Pine Lake,6,21420001,06/26/18,June,2018,27.33333333,4.666666667,11,2,45,0,554,303.3333333,296,1091.333333,683.6666667,Underestimate,Overestimate,Overestimate,Underestimate,Overestimate,543.4942429,317.2529668,301.1556853,1087.815428,688.8463289,-10.5057571,13.91963344,5.155685261,-3.51790527,5.179662244
2018_6_21170002,6_21170002,McIntosh Woods,6,21170002,06/26/18,June,2018,52,0,18.33333333,12.33333333,82.66666667,0,604,329.3333333,413.3333333,1457.333333,854,Underestimate,Overestimate,Underestimate,Overestimate,Overestimate,593.7265334,345.3642611,413.0025329,1457.711539,855.0995003,-10.27346655,16.03092773,-0.330800457,0.378205451,1.099500283
2018_6_21130002,6_21130002,North Twin Lake East,6,21130002,06/26/18,June,2018,116,0,26.33333333,83,225.3333333,9,425,269.3333333,523.6666667,1193,672.3333333,Overestimate,Overestimate,Underestimate,Overestimate,Underestimate,464.172479,292.5807712,383.8403289,1243.270528,617.5815632,39.17247897,23.24743786,-139.8263378,50.27052805,-54.75177009
2018_6_21130001,6,North Twin Lake West,6,21130001,06/26/18,June,2018,110.6666667,0,28,78.33333333,217,9,490.3333333,311.6666667,584.6666667,1329,747.3333333,Overestimate,Overestimate,Underestimate,Overestimate,Underestimate,533.3729481,335.7840457,433.3197082,1383.516855,687.8419697,43.03961473,24.11737903,-151.3469584,54.5168547,-59.49136363
2018_6_21500001,6_21500001,Rock Creek,6,21500001,06/26/18,June,2018,0,0,0,0,0,32000,-1202.666667,-951.3333333,-1669,-3380,-1467,Overestimate,Overestimate,Overestimate,Overestimate,Overestimate,1557.464189,1007.847595,970.2910008,3396.563159,1475.236264,2760.130856,1959.180928,2639.291001,6776.563159,2942.236264
2018_7_21350001,7_21350001,Beed’s Lake,7,21350001,07/03/18,July,2018,1,3.666666667,22.66666667,0,27.33333333,0.333333333,1513.666667,890,596.6666667,570,352.3333333,Underestimate,Overestimate,Overestimate,Overestimate,Underestimate,1488.651723,920.5855479,609.90822,582.3386328,333.8132344,-25.01494347,30.58554787,13.24155328,12.33863284,-18.52009894
2018_7_21810002,7_21810002,Black Hawk,7,21810002,07/03/18,July,2018,8,12.33333333,19.33333333,2.666666667,42.33333333,1,1383.333333,805.6666667,535.3333333,979.6666667,523.6666667,Underestimate,Overestimate,Overestimate,Underestimate,Overestimate,1346.63318,854.2921147,553.3457821,967.3742781,541.7641764,-36.70015349,48.62544806,18.01244878,-12.29238853,18.09750971
2018_7_21940001,7_21940001,Brushy Creek,7,21940001,07/03/18,July,2018,3,21.66666667,28.66666667,4.666666667,58,1,1309.666667,910.6666667,537.6666667,693.6666667,376.6666667,Overestimate,Underestimate,Underestimate,Overestimate,Underestimate,1343.745194,865.5147479,520.9381164,705.0825431,359.8589473,34.07852731,-45.15191882,-16.72855029,11.4158764,-16.80771933
2018_7_21170001,7_21170001,Clear Lake,7,21170001,07/03/18,July,2018,25.66666667,0,14.33333333,0,40,0,783,413.6666667,448.6666667,1444.666667,946.3333333,Underestimate,Overestimate,Underestimate,Overestimate,Underestimate,773.4398573,435.1605069,439.2608111,1446.750598,944.6804974,-9.560142694,21.49384028,-9.405855613,2.083931027,-1.652835958
2018_7_21810001,7_21810001,Denison,7,21810001,07/03/18,July,2018,8.666666667,10.33333333,35.33333333,14.66666667,69,0.666666667,1522.333333,916.6666667,714,1147.333333,512.3333333,Underestimate,Overestimate,Overestimate,Underestimate,Overestimate,1495.781177,951.847239,727.0303934,1138.440354,525.4264163,-26.55215584,35.18057234,13.03039339,-8.89297918,13.09308294
2018_7_21420001,7_21420001,Lower Pine Lake,7,21420001,07/03/18,July,2018,38.33333333,4,9.666666667,0,52,0,497.6666667,243,286.6666667,1364.333333,894.6666667,Underestimate,Overestimate,Overestimate,Underestimate,Overestimate,482.0401167,263.1668707,295.4051218,1360.017527,900.1510552,-15.62654996,20.16687065,8.738455099,-4.315806382,5.484388536
2018_7_21170002,7_21170002,McIntosh Woods,7,21170002,07/03/18,July,2018,28,3.333333333,15.33333333,0,46.66666667,1,645.3333333,324.3333333,308,1068.666667,709.3333333,Underestimate,Overestimate,Overestimate,Overestimate,Underestimate,618.5666274,358.0500602,321.7976928,1073.861225,701.4433537,-26.76670598,33.71672682,13.79769283,5.194558642,-7.889979679
2018_7_21130002,7_21130002,North Twin Lake East,7,21130002,07/03/18,July,2018,94.66666667,0,25.33333333,71,191,9.333333333,577.3333333,363.3333333,660,1503,830,Overestimate,Overestimate,Underestimate,Overestimate,Underestimate,620.8750636,392.2931851,499.5708656,1560.420061,767.6705857,43.54173028,28.95985175,-160.4291344,57.42006069,-62.32941434
2018_7_21130001,7,North Twin Lake West,7,21130001,07/03/18,July,2018,105.3333333,0,5.333333333,103.3333333,214,13,445.3333333,276,606,1368,757,Overestimate,Overestimate,Underestimate,Overestimate,Underestimate,488.9163866,313.0683996,432.4505934,1429.468826,690.8011466,43.58305327,37.06839955,-173.5494066,61.46882649,-66.19885345
2018_7_21500001,7_21500001,Rock Creek,7,21500001,07/03/18,July,2018,23.33333333,0,33.66666667,0,57,0.666666667,1068.333333,667.6666667,544.6666667,1054,613,Overestimate,Underestimate,Underestimate,Overestimate,Underestimate,1078.144109,654.6683153,539.8482788,1057.287868,608.1593291,9.810775688,-12.99835132,-4.818387913,3.287867743,-4.840670881
2018_8_21350001,8_21350001,Beed’s Lake,8,21350001,07/10/18,July,2018,1.333333333,14,28.33333333,0,43.66666667,1.666666667,1157.666667,663.3333333,401.3333333,446.6666667,286.3333333,Underestimate,Overestimate,Overestimate,Overestimate,Underestimate,1121.013904,708.5662841,420.5815508,461.3678362,264.2296637,-36.65276277,45.23295077,19.24821747,14.70116958,-22.10366959
2018_8_21810002,8_21810002,Black Hawk,8,21810002,07/10/18,July,2018,32,37.66666667,15,0,84.66666667,2.333333333,1319.666667,638,427.6666667,1505.666667,1000.666667,Underestimate,Overestimate,Overestimate,Overestimate,Underestimate,1219.107108,764.9346458,479.4073713,1523.022419,974.2429542,-100.5595587,126.9346458,51.74070466,17.35575246,-26.42371247
2018_8_21940001,8_21940001,Brushy Creek,8,21940001,07/10/18,July,2018,0,63.33333333,3.333333333,9.666666667,76.33333333,4.333333333,1365.666667,1101.666667,449.6666667,893,468.6666667,Overestimate,Underestimate,Underestimate,Overestimate,Underestimate,1438.526439,1007.36071,410.8655136,920.085137,426.5535987,72.85977201,-94.30595699,-38.80115304,27.08513698,-42.11306797
2018_8_21170001,8_21170001,Clear Lake,8,21170001,07/10/18,July,2018,37.33333333,2,19.33333333,0,58.66666667,0,767,409,408.3333333,1408.333333,920,Underestimate,Overestimate,Overestimate,Underestimate,Overestimate,752.3413379,427.0134699,413.6374366,1406.876239,922.2059045,-14.65866214,18.01346987,5.304103303,-1.457094364,2.205904523
2018_8_21810001,8_21810001,Denison,8,21810001,07/10/18,July,2018,28,38.66666667,20.33333333,0,87,3,1495.333333,479.3333333,479.3333333,1460.666667,933.6666667,Underestimate,Overestimate,Overestimate,Underestimate,Overestimate,1274.127311,763.4778979,591.2887634,1459.001848,934.8829715,-221.2060222,284.1445646,111.9554301,-1.664818594,1.216304858
2018_8_21420001,8_21420001,Lower Pine Lake,8,21420001,07/10/18,July,2018,5,25.33333333,7.666666667,0.666666667,38.66666667,0.333333333,1239,829.3333333,371.3333333,852.3333333,512.6666667,Overestimate,Underestimate,Underestimate,Overestimate,Underestimate,1241.806851,825.6131798,369.9566221,853.2736331,511.2818848,2.806850501,-3.720153516,-1.376711262,0.940299792,-1.384781858
2018_8_21170002,8_21170002,McIntosh Woods,8,21170002,07/10/18,July,2018,17.33333333,6.333333333,10,0,33.66666667,1.333333333,864,441,363,1221.333333,823,Underestimate,Overestimate,Overestimate,Overestimate,Underestimate,822.4645334,492.5171268,384.7153726,1235.899257,801.0686755,-41.53546662,51.51712677,21.71537257,14.565924,-21.93132451
2018_8_21130002,8_21130002,North Twin Lake East,8,21130002,07/10/18,July,2018,86.33333333,0,33,19,138.3333333,2,663,379.3333333,535.3333333,1575.333333,981,Overestimate,Overestimate,Underestimate,Overestimate,Underestimate,682.1502538,395.0841082,459.9366464,1602.078495,952.1638182,19.15025383,15.7507749,-75.3966869,26.74516178,-28.83618184
2018_8_21130001,8,North Twin Lake West,8,21130001,07/10/18,July,2018,103.3333333,0,24,34.33333333,161.6666667,3,433.3333333,254.3333333,439.6666667,1301.333333,789,Overestimate,Overestimate,Underestimate,Overestimate,Underestimate,456.8908507,268.4533057,355.3546897,1331.634053,756.0070726,23.55751733,14.1199724,-84.311977,30.30071972,-32.99292742
2018_8_21500001,8_21500001,Rock Creek,8,21500001,07/10/18,July,2018,55.66666667,11.66666667,22,0,89.33333333,0.333333333,708.3333333,409.3333333,367.6666667,1381.333333,955.6666667,Underestimate,Overestimate,Overestimate,Overestimate,Underestimate,1220.383066,804.8921443,375.706233,878.396914,534.8513582,-30.61693399,37.89214426,16.03956636,11.39691404,-17.14864182
2018_9_21350001,9_21350001,Beed’s Lake,9,21350001,07/17/18,July,2018,4.666666667,14,6,0,24.66666667,2,1251,767,359.6666667,867,552,Underestimate,Overestimate,Overestimate,Underestimate,Overestimate,667.0430892,402.9012218,314.7661401,1232.673556,794.1095682,-4.956910813,6.567888425,2.432806717,-1.659777467,2.442901546
2018_9_21810002,9_21810002,Black Hawk,9,21810002,07/17/18,July,2018,104,45.66666667,33.66666667,2.666666667,186,0,672,396.3333333,312.3333333,1234.333333,791.6666667,Underestimate,Overestimate,Overestimate,Underestimate,Overestimate,1123.70827,726.2726596,480.0812901,954.8632686,498.0952246,-12.29173001,16.27265956,6.081290074,-4.136731385,6.095224565
2018_9_21940001,9_21940001,Brushy Creek,9,21940001,07/17/18,July,2018,10.66666667,19.66666667,20,8,58.33333333,0,1136,710,474,959,492,Underestimate,Overestimate,Overestimate,Overestimate,Underestimate,1182.986635,722.0782797,515.7013697,1383.695524,885.3820929,-61.01336499,77.0782797,31.36803636,10.02885741,-15.28457377
2018_9_21170001,9_21170001,Clear Lake,9,21170001,07/17/18,July,2018,9,4.666666667,7.333333333,0,21,0.666666667,1244,645,484.3333333,1373.666667,900.6666667,Underestimate,Overestimate,Overestimate,Underestimate,Overestimate,559.2134018,330.6580092,279.6636524,1103.394237,716.678617,-6.786598186,8.991342545,3.330319039,-2.272429651,3.345283663
2018_9_21810001,9_21810001,Denison,9,21810001,07/17/18,July,2018,83,26,27.66666667,1,137.6666667,0,566,321.6666667,276.3333333,1105.666667,713.3333333,Overestimate,Underestimate,Underestimate,Overestimate,Underestimate,781.8370794,476.4397587,345.0330614,1207.744273,782.2534195,7.170412766,-10.22690792,-2.300271932,4.74427309,-7.079913861
2018_9_21420001,9_21420001,Lower Pine Lake,9,21420001,07/17/18,July,2018,43.66666667,24,19,0.333333333,87,0,774.6666667,486.6666667,347.3333333,1203,789.3333333,Underestimate,Overestimate,Overestimate,Overestimate,Underestimate,971.1515892,575.2480939,471.1603028,1577.958686,1026.593859,-42.18174416,52.91476055,21.82696943,9.958686305,-15.07280777
2018_9_21170002,9_21170002,McIntosh Woods,9,21170002,07/17/18,July,2018,17.66666667,5,9.333333333,0,32,1.333333333,1013.333333,522.3333333,449.3333333,1568,1041.666667,Overestimate,Overestimate,Underestimate,Overestimate,Underestimate,423.8769908,233.6667816,319.4624927,1369.155457,843.7303547,15.87699084,11.00011495,-59.20417395,21.15545711,-22.93631195
2018_9_21130002,9,North Twin Lake East,9,21130002,07/17/18,July,2018,121.3333333,0,26,17.66666667,165,1.666666667,408,222.6666667,378.6666667,1348,866.6666667,Overestimate,Overestimate,Underestimate,Overestimate,Underestimate,422.3964093,238.5337396,352.7303,1514.648497,893.3631029,26.06307593,15.20040628,-92.60303338,33.31516339,-36.30356374
2018_9_21500001,9_21500001,Rock Creek,9,21500001,07/17/18,July,2018,71.66666667,14.33333333,20,0,106,1,502.3333333,274.3333333,264.3333333,1135.333333,805,Underestimate,Overestimate,Overestimate,Overestimate,Underestimate,493.9717541,281.7796624,269.8102853,1161.962811,765.2916533,-8.361579191,7.446329021,5.476951922,26.6294773,-39.70834674
2018_10_21350001,10_21350001,Beed’s Lake,10,21350001,07/24/18,July,2018,2,15.66666667,0,8.666666667,26.33333333,3,1444.333333,865.3333333,537,980.3333333,480.3333333,Underestimate,Overestimate,Overestimate,Underestimate,Overestimate,1406.821789,915.034022,555.4116308,967.7684291,498.8319302,-37.51154451,49.70068865,18.41163075,-12.56490425,18.49859689
2018_10_21810002,10_21810002,Black Hawk,10,21810002,07/24/18,July,2018,50.66666667,38,27,0,115.6666667,1,1157.666667,665.3333333,446.3333333,1484.666667,974.3333333,Underestimate,Overestimate,Overestimate,Overestimate,Underestimate,1128.610216,701.4319209,461.5023623,1494.37413,959.709781,-29.05645116,36.09858755,15.16902895,9.707462891,-14.62355232
2018_10_21940001,10_21940001,Brushy Creek,10,21940001,07/24/18,July,2018,14,8.333333333,59.66666667,38,120,0,1113.666667,752,621,964.3333333,408.6666667,Overestimate,Underestimate,Underestimate,Overestimate,Underestimate,1133.363874,725.9027182,611.3294356,970.9320067,398.9517217,19.69720779,-26.09728182,-9.670564371,6.598673358,-9.714944993
2018_10_21170001,10_21170001,Clear Lake,10,21170001,07/24/18,July,2018,16.33333333,4,8,0,28.33333333,1,879.3333333,463.3333333,408.6666667,1445,948.3333333,Underestimate,Overestimate,Overestimate,Overestimate,Underestimate,850.617243,499.8449372,423.3406992,1447.821951,943.9658981,-28.71609036,36.51160388,14.67403255,2.821950965,-4.36743521
2018_10_21810001,10_21810001,Denison,10,21810001,07/24/18,July,2018,69.66666667,19.66666667,31.66666667,2.333333333,123.3333333,0,720.3333333,395.6666667,346.6666667,1246.333333,784.6666667,Underestimate,Overestimate,Overestimate,Underestimate,Overestimate,703.4914496,417.981694,354.9324778,1240.692499,792.9705432,-16.84188374,22.31502731,8.265811128,-5.640834115,8.303876516
2018_10_21420001,10_21420001,Lower Pine Lake,10,21420001,07/24/18,July,2018,42,44.33333333,0,29,115.3333333,0,876.3333333,568.3333333,434,1276,803.3333333,Overestimate,Underestimate,Underestimate,Overestimate,Underestimate,893.7736716,545.2259517,425.4382807,1281.84287,794.7302886,17.44033831,-23.10738159,-8.561719253,5.842869756,-8.603044722
2018_10_21170002,10_21170002,McIntosh Woods,10,21170002,07/24/18,July,2018,27,4.333333333,10,0,41.33333333,1,559,271,278.6666667,1160.666667,758.3333333,Underestimate,Overestimate,Overestimate,Underestimate,Overestimate,533.5045917,304.0161467,291.4691547,1158.320691,761.6816753,-25.49540833,33.01614673,12.80248804,-2.345976053,3.34834201
2018_10_21130002,10_21130002,North Twin Lake East,10,21130002,07/24/18,July,2018,134.6666667,0,33.66666667,7,175.3333333,0,449.3333333,244.3333333,348,1419,933.3333333,Overestimate,Overestimate,Underestimate,Overestimate,Underestimate,458.8915239,245.0458274,321.8426467,1428.815047,922.3118416,9.558190517,0.712494071,-26.15735332,9.815046513,-11.02149177
2018_10_21130001,10,North Twin Lake West,10,21130001,07/24/18,July,2018,148.3333333,0,31.33333333,18,197.6666667,1.666666667,477.3333333,268.6666667,436.6666667,1618.666667,1050.333333,Overestimate,Overestimate,Underestimate,Overestimate,Underestimate,499.1836683,271.9279309,374.2499315,1641.909558,1024.36868,21.850335,3.261264239,-62.41673521,23.2428916,-25.96465338
2018_10_21500001,10_21500001,Rock Creek,10,21500001,07/24/18,July,2018,72.66666667,6.666666667,45,0,124.3333333,0,763.3333333,439.3333333,400.3333333,1236.333333,846.3333333,Underestimate,Underestimate,Overestimate,Overestimate,Underestimate,762.0182492,438.7390699,401.860818,1254.831506,818.7753746,-1.315084133,-0.594263468,1.527484641,18.49817275,-27.5579587
2018_11_21350001,11_21350001,Beed’s Lake,11,21350001,07/31/18,July,2018,3.333333333,8,6.666666667,0.666666667,18.66666667,1.333333333,1328,782,460,924,498.3333333,Underestimate,Overestimate,Overestimate,Underestimate,Overestimate,1289.257145,833.3317625,479.0162933,911.0231107,517.4389301,-38.74285501,51.33176253,19.01629327,-12.97688935,19.10559677
2018_11_21810002,11_21810002,Black Hawk,11,21810002,07/31/18,July,2018,30.66666667,30,24.66666667,0,85.33333333,0,945.3333333,575.3333333,361.6666667,1000.333333,657.6666667,Underestimate,Overestimate,Overestimate,Overestimate,Underestimate,935.4267023,586.7314433,367.1818126,1011.009539,641.7091025,-9.906631074,11.39810999,5.515145948,10.67620529,-15.95756419
2018_11_21940001,11_21940001,Brushy Creek,11,21940001,07/31/18,July,2018,12,18.33333333,43.66666667,34.66666667,108.6666667,0,1459,979.3333333,779,1321.666667,551,Overestimate,Underestimate,Underestimate,Overestimate,Underestimate,1473.900665,959.5915298,771.6843212,1326.658682,543.6510722,14.90066483,-19.74180355,-7.31567878,4.992015444,-7.348927783
2018_11_21170001,11_21170001,Clear Lake,11,21170001,07/31/18,July,2018,18,4,6,0,28,1,738,376.3333333,361.3333333,1513.333333,1020.333333,Underestimate,Overestimate,Overestimate,Overestimate,Underestimate,710.695316,409.8818832,375.728492,1525.486012,1002.078014,-27.304684,33.54854983,14.39515864,12.1526786,-18.25531943
2018_11_21810001,11_21810001,Denison,11,21810001,07/31/18,July,2018,41.66666667,23.33333333,31.66666667,0,96.66666667,1,1046.666667,575,423.6666667,1243.333333,785.3333333,Underestimate,Overestimate,Overestimate,Underestimate,Overestimate,1012.991654,618.9219436,440.4578766,1237.692543,793.5419526,-33.67501291,43.92194356,16.79120993,-5.640790162,8.208619295
2018_11_21420001,11_21420001,Lower Pine Lake,11,21420001,07/31/18,July,2018,18.33333333,21.33333333,26.66666667,0.666666667,67,1.666666667,1167.666667,800.6666667,515.3333333,1056.666667,660,Overestimate,Underestimate,Underestimate,Overestimate,Underestimate,1202.768735,754.1585271,498.1022204,1068.425884,642.6868327,35.10206836,-46.50813954,-17.23111296,11.75921745,-17.31316729
2018_11_21170002,11_21170002,McIntosh Woods,11,21170002,07/31/18,July,2018,18,4,8.666666667,0,30.66666667,1,627.6666667,313.3333333,288,1053,676,Underestimate,Overestimate,Overestimate,Underestimate,Overestimate,599.1582795,350.5893152,302.1869722,1047.630069,683.8345281,-28.5083872,37.25598184,14.18697223,-5.369931433,7.834528089
2018_11_21130002,11_21130002,North Twin Lake East,11,21130002,07/31/18,July,2018,140,0,19.33333333,26,185.3333333,0,394.3333333,205.3333333,329.3333333,1410,946,Overestimate,Overestimate,Underestimate,Overestimate,Underestimate,405.1144844,209.2815011,294.7793171,1422.625861,932.0839415,10.78115107,3.948167815,-34.5540162,12.62586102,-13.91605852
2018_11_21130001,11,North Twin Lake West,11,21130001,07/31/18,July,2018,136,0,29.33333333,7.666666667,173,0.666666667,409.3333333,218.6666667,347.6666667,1412.333333,938,Overestimate,Overestimate,Underestimate,Overestimate,Underestimate,422.3043736,222.5554878,307.490067,1427.103283,921.6684691,12.97104028,3.888821175,-40.17659962,14.76994944,-16.33153094
2018_11_21500001,11_21500001,Rock Creek,11,21500001,07/31/18,July,2018,22.53333333,0,0,69.5,92.03333333,1,1195.666667,733,626.3333333,1383,932.3333333,Overestimate,Underestimate,Underestimate,Overestimate,Underestimate,1215.29198,710.2235233,609.7261041,1403.753535,902.7785969,19.62531328,-22.77647671,-16.60722923,20.75353508,-29.55473643
2018_12_21350001,12_21350001,Beed’s Lake,12,21350001,08/07/18,August,2018,6.666666667,7,15.33333333,6.333333333,35.33333333,1,1439.666667,852.6666667,657.3333333,1242,595.3333333,Underestimate,Overestimate,Overestimate,Underestimate,Overestimate,1406.932527,896.0381452,673.3988676,1231.036154,611.4754261,-32.73413998,43.37147851,16.06553431,-10.96384625,16.14209281
2018_12_21810002,12_21810002,Black Hawk,12,21810002,08/07/18,August,2018,26.66666667,23,23.33333333,0,73,1,1254,706.6666667,469,1288.333333,832,Underestimate,Overestimate,Overestimate,Overestimate,Underestimate,1214.411943,756.6749236,489.3541309,1294.865933,822.0447756,-39.58805654,50.00825696,20.35413092,6.532600008,-9.95522441
2018_12_21940001,12_21940001,Brushy Creek,12,21940001,08/07/18,August,2018,6,3,16,6,31,1.5,1534.5,872,716.5,1249.5,585.5,Underestimate,Overestimate,Overestimate,Underestimate,Overestimate,1487.582795,934.1631366,739.5260758,1233.785522,608.6359391,-46.91720457,62.16313655,23.02607581,-15.71447804,23.13593909
2018_12_21170001,12_21170001,Clear Lake,12,21170001,08/07/18,August,2018,20,4.333333333,8,0,32.33333333,0,597.6666667,316.3333333,291.6666667,1124.666667,736,Underestimate,Overestimate,Overestimate,Underestimate,Overestimate,581.1157035,337.6161955,300.0339382,1124.359598,736.3620135,-16.55096314,21.28286215,8.367271579,-0.307068713,0.362013481
2018_12_21810001,12_21810001,Denison,12,21810001,08/07/18,August,2018,4,0,34.66666667,0,38.66666667,1,1597.666667,918,680.6666667,1567.333333,869.3333333,Underestimate,Overestimate,Overestimate,Underestimate,Overestimate,1554.83853,974.7455665,701.6869251,1552.988644,890.4526109,-42.82813713,56.74556647,21.02025843,-14.34468924,21.11927759
2018_12_21420001,12_21420001,Lower Pine Lake,12,21420001,08/07/18,August,2018,32.66666667,26.33333333,33.33333333,12.66666667,105,2,699,509.3333333,338.6666667,617.6666667,391.6666667,Overestimate,Underestimate,Underestimate,Overestimate,Underestimate,737.2859117,458.607661,319.8733713,630.4918954,372.784325,38.28591174,-50.72567236,-18.79329536,12.82522878,-18.88234165
2018_12_21170002,12_21170002,McIntosh Woods,12,21170002,08/07/18,August,2018,34.33333333,0.666666667,10.33333333,1.666666667,47,0,477.6666667,232,293.3333333,1250.666667,799,Underestimate,Overestimate,Overestimate,Underestimate,Overestimate,462.3930884,252.2371501,300.8290238,1245.551364,806.5302672,-15.27357832,20.23715009,7.495690509,-5.11530304,7.530267243
2018_12_21130002,12_21130002,North Twin Lake East,12,21130002,08/07/18,August,2018,122.6666667,0,27.66666667,2,152.3333333,1.333333333,350.6666667,187.3333333,320.3333333,1237.333333,841.6666667,Overestimate,Overestimate,Underestimate,Overestimate,Underestimate,368.3652714,192.1817891,266.2328099,1257.251662,819.5939101,17.69860475,4.848455788,-54.10052348,19.91832899,-22.07275661
2018_12_21130001,12,North Twin Lake West,12,21130001,08/07/18,August,2018,104,0,26.66666667,3.333333333,134,1,338.6666667,178.6666667,279.3333333,1071,717.6666667,Overestimate,Overestimate,Underestimate,Overestimate,Underestimate,348.5398693,185.3582271,242.7552616,1084.082541,703.4730594,9.87320268,6.6915604,-36.57807174,13.08254092,-14.19360725
2018_12_21500001,12_21500001,Rock Creek,12,21500001,08/07/18,August,2018,69,7.666666667,51.33333333,0,128,0,922.6666667,570,454.6666667,1286.333333,886,Overestimate,Underestimate,Underestimate,Overestimate,Underestimate,933.3533883,553.1931067,450.4207444,1311.370347,848.7727857,10.68672167,-16.80689328,-4.245922303,25.0370137,-37.22721432
2018_13_21350001,13_21350001,Beed’s Lake,13,21350001,08/14/18,August,2018,9,3.666666667,27.33333333,19.66666667,59.66666667,0,1184.333333,778.3333333,669.3333333,1130.333333,477,Overestimate,Underestimate,Underestimate,Overestimate,Underestimate,1193.899386,765.6590406,664.6354681,1133.538496,472.2814783,9.566053014,-12.67429269,-4.697865216,3.205163063,-4.71852169
2018_13_21810002,13_21810002,Black Hawk,13,21810002,08/14/18,August,2018,45.33333333,23.33333333,41.66666667,4,114.3333333,0,1286,758.6666667,569.3333333,1473.666667,898,Underestimate,Overestimate,Overestimate,Underestimate,Overestimate,1270.4482,779.2728932,576.9652791,1468.459049,905.6675949,-15.55180023,20.60622657,7.631945734,-5.207618069,7.66759493
2018_13_21940001,13_21940001,Brushy Creek,13,21940001,08/14/18,August,2018,8.666666667,0,6.666666667,1.666666667,17,4.333333333,926.6666667,434.3333333,424.6666667,1315.333333,726.3333333,Underestimate,Overestimate,Overestimate,Underestimate,Overestimate,859.4942437,523.3326531,457.6360972,1292.833657,759.4588373,-67.17242299,88.99931978,32.96943058,-22.49967658,33.12550396
2018_13_21170001,13_21170001,Clear Lake,13,21170001,08/14/18,August,2018,33,2.666666667,11.33333333,0.666666667,47.66666667,0,534.6666667,265,296.6666667,1221.333333,779.3333333,Underestimate,Overestimate,Overestimate,Underestimate,Overestimate,515.9577747,289.7883563,305.8484261,1215.0671,788.5577971,-18.70889196,24.78835631,9.18175946,-6.266233064,9.224463815
2018_13_21810001,13_21810001,Denison,13,21810001,08/14/18,August,2018,46.33333333,27.33333333,43.33333333,5,122,0,1058,625,460,1191.333333,721.6666667,Underestimate,Overestimate,Overestimate,Underestimate,Overestimate,1043.893645,643.6906593,466.9227929,1186.608916,728.6213986,-14.10635499,18.69065933,6.922792945,-4.72441736,6.954731979
2018_13_21420001,13_21420001,Lower Pine Lake,13,21420001,08/14/18,August,2018,20.66666667,1.333333333,13.33333333,6.666666667,42,1,610.6666667,319.3333333,332,1000,549.6666667,Underestimate,Overestimate,Overestimate,Underestimate,Overestimate,584.262935,354.3171861,344.9590281,991.1561353,562.6868476,-26.40373169,34.98385279,12.95902813,-8.843864741,13.02018089
2018_13_21170002,13_21170002,McIntosh Woods,13,21170002,08/14/18,August,2018,10.66666667,1.666666667,6.333333333,0.666666667,19.33333333,1,931,466.6666667,452,1482.333333,911,Underestimate,Overestimate,Overestimate,Underestimate,Overestimate,889.8002032,521.2548541,472.2208884,1468.533909,931.315697,-41.1997968,54.58818743,20.22088835,-13.79942456,20.31569703
2018_13_21130002,13_21130002,North Twin Lake East,13,21130002,08/14/18,August,2018,105.6666667,0,27,0,132.6666667,0,449,217.6666667,338,1411.666667,944.3333333,Overestimate,Overestimate,Underestimate,Overestimate,Underestimate,449.1893849,235.2764033,309.2439477,1420.558903,935.8168638,0.189384887,17.60973666,-28.75605228,8.89223682,-8.516469536
2018_13_21130001,13,North Twin Lake West,13,21130001,08/14/18,August,2018,99,0,20.33333333,0,119.3333333,0.666666667,269,133,231,984.3333333,670,Overestimate,Overestimate,Underestimate,Overestimate,Underestimate,276.0541443,140.4774463,200.5392015,995.0124742,658.5886659,7.05414429,7.477446266,-30.46079849,10.6791409,-11.41133411
2018_13_21500001,13_21500001,Rock Creek,13,21500001,08/14/18,August,2018,58.66666667,30.33333333,28.33333333,0,117.3333333,1,733,441.6666667,334.3333333,1204,855.3333333,Underestimate,Underestimate,Overestimate,Overestimate,Underestimate,730.9717481,440.1102744,336.9328286,1237.703105,805.1265763,-2.028251925,-1.556392313,2.59949527,33.70310517,-50.206757
2018_14_21350001,14_21350001,Beed’s Lake,14,21350001,08/22/18,August,2018,1,1,3.666666667,0,5.666666667,0.666666667,583.6666667,395,268.3333333,404.6666667,254,Overestimate,Underestimate,Underestimate,Overestimate,Underestimate,601.8979017,370.8450805,259.3834517,410.7743366,245.0078325,18.23123503,-24.15491947,-8.949881643,6.107669919,-8.992167512
2018_14_21810002,14_21810002,Black Hawk,14,21810002,08/22/18,August,2018,33,8.666666667,34,5,80.66666667,0,1380,814.6666667,669,1617,969,Underestimate,Overestimate,Overestimate,Underestimate,Overestimate,1369.25754,828.9012703,674.2703503,1613.403414,974.2950236,-10.74245975,14.23460359,5.270350265,-3.596586049,5.295023598
2018_14_21940001,14_21940001,Brushy Creek,14,21940001,08/22/18,August,2018,46,3.333333333,5.333333333,3.666666667,58.33333333,0,337.6666667,153.6666667,238.6666667,1276.333333,805.3333333,Underestimate,Overestimate,Overestimate,Underestimate,Overestimate,323.5702561,172.3664488,245.5922927,1271.592886,812.2825514,-14.09641061,18.69978212,6.925626036,-4.740447285,6.949218059
2018_14_21170001,14_21170001,Clear Lake,14,21170001,08/22/18,August,2018,41,0.666666667,5.333333333,5.333333333,52.33333333,0,391,196.6666667,309.6666667,1525,946.3333333,Underestimate,Overestimate,Overestimate,Underestimate,Overestimate,384.2695932,205.5836966,312.9690612,1522.746066,949.6504872,-6.730406786,8.917029901,3.302394497,-2.253934037,3.317153851
2018_14_21810001,14_21810001,Denison,14,21810001,08/22/18,August,2018,47,5,45,24.33333333,121.3333333,0,864,540.6666667,502,1191.333333,639,Overestimate,Underestimate,Underestimate,Overestimate,Underestimate,868.4240473,534.8056731,499.8266473,1192.816232,636.8167821,4.424047294,-5.860993593,-2.173352685,1.482898294,-2.183217918
2018_14_21420001,14_21420001,Lower Pine Lake,14,21420001,08/22/18,August,2018,45,0.666666667,14.66666667,3,63.33333333,0,413.3333333,245.3333333,279,1109.666667,716,Overestimate,Underestimate,Underestimate,Overestimate,Underestimate,422.3038274,233.4484012,274.5957093,1112.672037,711.5741878,8.9704941,-11.88493215,-4.404290677,3.00537022,-4.425812167
2018_14_21170002,14_21170002,McIntosh Woods,14,21170002,08/22/18,August,2018,40.33333333,0,3,8.333333333,51.66666667,0,273.3333333,139.6666667,263,1213,728,Underestimate,Overestimate,Underestimate,Overestimate,Underestimate,271.6640737,148.2572157,253.5832669,1215.594269,725.8148343,-1.669259665,8.590549081,-9.416733129,2.594268814,-2.18516569
2018_14_21130002,14_21130002,North Twin Lake East,14,21130002,08/22/18,August,2018,187,0,18.66666667,0,205.6666667,1,217.3333333,104.3333333,231,1188.333333,844,Overestimate,Underestimate,Underestimate,Overestimate,Underestimate,229.1950648,103.4588942,199.4824598,1212.780151,811.989688,11.86173143,-0.874439165,-31.51754017,24.44681759,-32.01031195
2018_14_21130001,14,North Twin Lake West,14,21130001,08/22/18,August,2018,136.3333333,0,19,0,155.3333333,1,190,94.33333333,183.6666667,882.6666667,612.6666667,Overestimate,Overestimate,Underestimate,Overestimate,Underestimate,198.9084414,94.85777006,159.0688191,894.8348364,597.9536468,8.908441364,0.524436722,-24.59784757,12.16816977,-14.71301985
2018_14_21500001,14_21500001,Rock Creek,14,21500001,08/22/18,August,2018,57.33333333,9.333333333,36.33333333,0,103,0,958,594.3333333,502.3333333,1503.333333,1165,Overestimate,Underestimate,Underestimate,Overestimate,Underestimate,972.3664073,565.2167261,499.0909453,1589.824392,1036.267641,14.36640732,-29.11660724,-3.242388036,86.49105848,-128.7323589
2018_15_21350001,15_21350001,Beed’s Lake,15,21350001,08/29/18,August,2018,2,0,5,2,9,2,565.3333333,418,340.3333333,551.6666667,299,Overestimate,Underestimate,Underestimate,Overestimate,Underestimate,600.6139032,371.5877559,322.4818135,563.6494551,281.4433854,35.28056985,-46.41224415,-17.85151984,11.98278845,-17.55661455
2018_15_21810002,15_21810002,Black Hawk,15,21810002,08/29/18,August,2018,30,5,22.66666667,8.333333333,66,0,1000.333333,598.3333333,544.6666667,1462.333333,840.6666667,Underestimate,Overestimate,Overestimate,Underestimate,Overestimate,995.7152525,604.4525194,546.9312561,1460.787283,842.9419757,-4.618080809,6.119186058,2.264589392,-1.546050307,2.275309035
2018_15_21940001,15_21940001,Brushy Creek,15,21940001,08/29/18,August,2018,5.666666667,0.333333333,3,3.666666667,12.66666667,0,577.6666667,348.3333333,375.3333333,1066,546.6666667,Underestimate,Overestimate,Overestimate,Underestimate,Overestimate,571.8803885,356.0000761,378.1724384,1064.061976,549.5193569,-5.786278168,7.666742758,2.839105094,-1.938024112,2.852690261
2018_15_21170001,15_21170001,Clear Lake,15,21170001,08/29/18,August,2018,37,1,8.666666667,3,49.66666667,0,445.3333333,230.3333333,303,1353.333333,856.6666667,Underestimate,Overestimate,Overestimate,Underestimate,Overestimate,438.6877805,239.1389712,306.260931,1351.107959,859.9420135,-6.645552821,8.805637906,3.260930965,-2.225374564,3.275346881
2018_15_21810001,15_21810001,Denison,15,21810001,08/29/18,August,2018,37.33333333,7,37,11,92.33333333,0,1013.333333,636,543.3333333,1287.333333,745.6666667,Overestimate,Underestimate,Underestimate,Overestimate,Underestimate,1023.041814,623.137245,538.5657188,1290.586621,740.876602,9.708480861,-12.86275495,-4.76761449,3.253287681,-4.790064693
2018_15_21420001,15_21420001,Lower Pine Lake,15,21420001,08/29/18,August,2018,45.66666667,2.666666667,10.33333333,10,68.66666667,0,431.6666667,253,310.6666667,1234.666667,738,Overestimate,Underestimate,Underestimate,Overestimate,Underestimate,433.5801642,250.4646415,309.7266015,1235.307841,737.0546759,1.913497579,-2.535358455,-0.940065193,0.641174221,-0.945324096
2018_15_21170002,15_21170002,McIntosh Woods,15,21170002,08/29/18,August,2018,27.33333333,0,5.333333333,4.333333333,37,0,310.3333333,157.6666667,238.6666667,1036,633.3333333,Underestimate,Overestimate,Underestimate,Underestimate,Overestimate,304.7857678,167.752101,237.0003053,1035.493963,634.7784614,-5.547565574,10.08543437,-1.666361351,-0.50603745,1.445128101
2018_15_21130002,15_21130002,North Twin Lake East,15,21130002,08/29/18,August,2018,208,0,23,0,231,1,258,118.3333333,260,1324.666667,938.3333333,Overestimate,Overestimate,Underestimate,Overestimate,Underestimate,267.1774957,122.6235645,226.9438176,1350.961792,904.0429464,9.177495659,4.290231144,-33.05618238,26.29512522,-34.29038694
2018_15_21130001,15,North Twin Lake West,15,21130001,08/29/18,August,2018,172.6666667,0,24,0,196.6666667,1,286,128,263,1282.333333,894.3333333,Overestimate,Overestimate,Underestimate,Overestimate,Underestimate,290.7011631,138.8205281,231.956351,1301.951653,869.9498782,4.701163117,10.82052815,-31.04364904,19.61831923,-24.3834551
2018_15_21500001,15_21500001,Rock Creek,15,21500001,08/29/18,August,2018,82.33333333,0,40.33333333,0,122.6666667,0,643.6666667,385.6666667,381.6666667,1326,905.3333333,Overestimate,Underestimate,Underestimate,Overestimate,Underestimate,656.5913724,367.1510181,375.8472466,1341.608552,882.1600413,12.92470569,-18.51564854,-5.819420061,15.60855179,-23.173292
